# ************************************************************
# Sequel Ace SQL dump
# Version 20042
#
# https://sequel-ace.com/
# https://github.com/Sequel-Ace/Sequel-Ace
#
# Host: 127.0.0.1 (MySQL 8.0.30)
# Database: sneakers
# Generation Time: 2022-12-04 23:00:17 +0000
# ************************************************************


/*!40101 SET @OLD_CHARACTER_SET_CLIENT=@@CHARACTER_SET_CLIENT */;
/*!40101 SET @OLD_CHARACTER_SET_RESULTS=@@CHARACTER_SET_RESULTS */;
/*!40101 SET @OLD_COLLATION_CONNECTION=@@COLLATION_CONNECTION */;
SET NAMES utf8mb4;
/*!40014 SET @OLD_FOREIGN_KEY_CHECKS=@@FOREIGN_KEY_CHECKS, FOREIGN_KEY_CHECKS=0 */;
/*!40101 SET @OLD_SQL_MODE='NO_AUTO_VALUE_ON_ZERO', SQL_MODE='NO_AUTO_VALUE_ON_ZERO' */;
/*!40111 SET @OLD_SQL_NOTES=@@SQL_NOTES, SQL_NOTES=0 */;


# Dump of table article
# ------------------------------------------------------------

DROP TABLE IF EXISTS `article`;

CREATE TABLE `article` (
  `id` int NOT NULL AUTO_INCREMENT,
  `title` varchar(255) COLLATE utf8mb4_unicode_ci DEFAULT NULL,
  `author_id` int DEFAULT NULL,
  `created_at` datetime DEFAULT NULL COMMENT '(DC2Type:datetime_immutable)',
  `updated_at` datetime DEFAULT NULL COMMENT '(DC2Type:datetime_immutable)',
  `content` longtext COLLATE utf8mb4_unicode_ci,
  `image` varchar(255) COLLATE utf8mb4_unicode_ci DEFAULT NULL,
  PRIMARY KEY (`id`),
  KEY `IDX_23A0E66F675F31B` (`author_id`),
  CONSTRAINT `FK_23A0E66F675F31B` FOREIGN KEY (`author_id`) REFERENCES `user` (`id`)
) ENGINE=InnoDB DEFAULT CHARSET=utf8mb4 COLLATE=utf8mb4_unicode_ci;

LOCK TABLES `article` WRITE;
/*!40000 ALTER TABLE `article` DISABLE KEYS */;

INSERT INTO `article` (`id`, `title`, `author_id`, `created_at`, `updated_at`, `content`, `image`)
VALUES
	(1,'wd',1,'2022-12-04 21:14:56',NULL,NULL,NULL);

/*!40000 ALTER TABLE `article` ENABLE KEYS */;
UNLOCK TABLES;


# Dump of table cart
# ------------------------------------------------------------

DROP TABLE IF EXISTS `cart`;

CREATE TABLE `cart` (
  `id` int NOT NULL AUTO_INCREMENT,
  `user_id` int DEFAULT NULL,
  PRIMARY KEY (`id`),
  UNIQUE KEY `UNIQ_BA388B7A76ED395` (`user_id`),
  CONSTRAINT `FK_BA388B7A76ED395` FOREIGN KEY (`user_id`) REFERENCES `user` (`id`)
) ENGINE=InnoDB DEFAULT CHARSET=utf8mb4 COLLATE=utf8mb4_unicode_ci;



# Dump of table category
# ------------------------------------------------------------

DROP TABLE IF EXISTS `category`;

CREATE TABLE `category` (
  `id` int NOT NULL AUTO_INCREMENT,
  `name` varchar(100) COLLATE utf8mb4_unicode_ci NOT NULL,
  PRIMARY KEY (`id`)
) ENGINE=InnoDB DEFAULT CHARSET=utf8mb4 COLLATE=utf8mb4_unicode_ci;

LOCK TABLES `category` WRITE;
/*!40000 ALTER TABLE `category` DISABLE KEYS */;

INSERT INTO `category` (`id`, `name`)
VALUES
	(1,'Adidas'),
	(2,'Nikee');

/*!40000 ALTER TABLE `category` ENABLE KEYS */;
UNLOCK TABLES;


# Dump of table doctrine_migration_versions
# ------------------------------------------------------------

DROP TABLE IF EXISTS `doctrine_migration_versions`;

CREATE TABLE `doctrine_migration_versions` (
  `version` varchar(191) COLLATE utf8mb3_unicode_ci NOT NULL,
  `executed_at` datetime DEFAULT NULL,
  `execution_time` int DEFAULT NULL,
  PRIMARY KEY (`version`)
) ENGINE=InnoDB DEFAULT CHARSET=utf8mb3 COLLATE=utf8mb3_unicode_ci;



# Dump of table messenger_messages
# ------------------------------------------------------------

DROP TABLE IF EXISTS `messenger_messages`;

CREATE TABLE `messenger_messages` (
  `id` bigint NOT NULL AUTO_INCREMENT,
  `body` longtext COLLATE utf8mb4_unicode_ci NOT NULL,
  `headers` longtext COLLATE utf8mb4_unicode_ci NOT NULL,
  `queue_name` varchar(190) COLLATE utf8mb4_unicode_ci NOT NULL,
  `created_at` datetime NOT NULL,
  `available_at` datetime NOT NULL,
  `delivered_at` datetime DEFAULT NULL,
  PRIMARY KEY (`id`),
  KEY `IDX_75EA56E0FB7336F0` (`queue_name`),
  KEY `IDX_75EA56E0E3BD61CE` (`available_at`),
  KEY `IDX_75EA56E016BA31DB` (`delivered_at`)
) ENGINE=InnoDB DEFAULT CHARSET=utf8mb4 COLLATE=utf8mb4_unicode_ci;



# Dump of table product
# ------------------------------------------------------------

DROP TABLE IF EXISTS `product`;

CREATE TABLE `product` (
  `id` int NOT NULL AUTO_INCREMENT,
  `category_id` int DEFAULT NULL,
  `title` varchar(100) COLLATE utf8mb4_unicode_ci NOT NULL,
  `description` longtext COLLATE utf8mb4_unicode_ci NOT NULL,
  `price` int NOT NULL,
  `seller_id` int DEFAULT NULL,
  `quantity` int NOT NULL,
  `created_at` datetime DEFAULT NULL COMMENT '(DC2Type:datetime_immutable)',
  `update_at` datetime DEFAULT NULL COMMENT '(DC2Type:datetime_immutable)',
  PRIMARY KEY (`id`),
  KEY `IDX_D34A04AD12469DE2` (`category_id`),
  KEY `IDX_D34A04AD8DE820D9` (`seller_id`),
  CONSTRAINT `FK_D34A04AD12469DE2` FOREIGN KEY (`category_id`) REFERENCES `category` (`id`),
  CONSTRAINT `FK_D34A04AD8DE820D9` FOREIGN KEY (`seller_id`) REFERENCES `user` (`id`)
) ENGINE=InnoDB DEFAULT CHARSET=utf8mb4 COLLATE=utf8mb4_unicode_ci;

LOCK TABLES `product` WRITE;
/*!40000 ALTER TABLE `product` DISABLE KEYS */;

INSERT INTO `product` (`id`, `category_id`, `title`, `description`, `price`, `seller_id`, `quantity`, `created_at`, `update_at`)
VALUES
	(1,1,'Je suis un titre','Je suis une description',100,1,10,NULL,NULL),
	(2,2,'Je suis un deuxieme titre','Je suis un deuxieme description',1234,1,10,NULL,NULL),
	(3,1,'Chaussure','nouvelle sur le marché',9999,3,99,NULL,NULL),
	(4,1,'azerg','sf',1,3,1,NULL,NULL),
	(5,1,'egrfe','fgsdq',23,3,1,NULL,NULL);

/*!40000 ALTER TABLE `product` ENABLE KEYS */;
UNLOCK TABLES;


# Dump of table user
# ------------------------------------------------------------

DROP TABLE IF EXISTS `user`;

CREATE TABLE `user` (
  `id` int NOT NULL AUTO_INCREMENT,
  `email` varchar(180) COLLATE utf8mb4_unicode_ci NOT NULL,
  `roles` json NOT NULL,
  `password` varchar(255) COLLATE utf8mb4_unicode_ci NOT NULL,
  `lastname` varchar(100) COLLATE utf8mb4_unicode_ci DEFAULT NULL,
  `firstname` varchar(100) COLLATE utf8mb4_unicode_ci DEFAULT NULL,
  `profilepicture` varchar(255) COLLATE utf8mb4_unicode_ci DEFAULT NULL,
  PRIMARY KEY (`id`),
  UNIQUE KEY `UNIQ_8D93D649E7927C74` (`email`)
) ENGINE=InnoDB DEFAULT CHARSET=utf8mb4 COLLATE=utf8mb4_unicode_ci;

LOCK TABLES `user` WRITE;
/*!40000 ALTER TABLE `user` DISABLE KEYS */;

INSERT INTO `user` (`id`, `email`, `roles`, `password`, `lastname`, `firstname`, `profilepicture`)
VALUES
	(1,'john@go.com','[\"ROLE_USER\"]','$2y$13$QgAW.WqFhOxCMfJiUTECbOTyAcXSCEeekd20TDU/j1dWEVH7tdgBy','Doe','John','https://picsum.photos/200'),
	(3,'toto@go.com','[\"ROLE_USER\", \"ROLE_ADMIN\"]','$2y$13$BhqvXCrO6OKT31PyHOhIn.ztkIcidyu/pnCnxHCg5mS0p8oGWO4py','TOTO','LADMIN',NULL),
	(4,'test@test.com','[]','$2y$13$Ai4.Ye/r9fGs4XJn06b1oOhWHilEbP5TqptgL5AQetod.OhwtoBfa',NULL,NULL,NULL),
	(5,'coco@gmail.com','[]','$2y$13$pg6yoIVRPCmY2aY7ETFGweSMwDtLZQfK4EU5wPSI0KF7LhhMrlSfC',NULL,NULL,NULL);

/*!40000 ALTER TABLE `user` ENABLE KEYS */;
UNLOCK TABLES;



/*!40111 SET SQL_NOTES=@OLD_SQL_NOTES */;
/*!40101 SET SQL_MODE=@OLD_SQL_MODE */;
/*!40014 SET FOREIGN_KEY_CHECKS=@OLD_FOREIGN_KEY_CHECKS */;
/*!40101 SET CHARACTER_SET_CLIENT=@OLD_CHARACTER_SET_CLIENT */;
/*!40101 SET CHARACTER_SET_RESULTS=@OLD_CHARACTER_SET_RESULTS */;
/*!40101 SET COLLATION_CONNECTION=@OLD_COLLATION_CONNECTION */;
